id;username;firstname;lastname;email;jhi_password;phone;userstatus
1;mobile Fish;Home Loan Account Table Computer;Trace;Lazaro_Conroy2@yahoo.com;Producer;920-191-6365 x04025;61185
2;Steel zero administration;Multi-channelled Licensed;grey Cambridgeshire;Jamil_Beahan68@yahoo.com;Centers;999-583-3002;68423
3;infomediaries;Investment Account;Games Regional Digitized;Nicolas_Hagenes@yahoo.com;Mayotte;098.749.3895;72727
4;archive Georgia Aruba;software scale interactive;Louisiana Specialist Home Loan Account;Brooks.Grimes7@gmail.com;Administrator;312.008.1777 x7760;92630
5;deposit Internal;Investment Account archive Fantastic Plastic Chicken;payment;Louvenia_Goodwin47@yahoo.com;Frozen bus;752.724.0574 x1041;20171
6;Dynamic;knowledge base Buckinghamshire;Concrete Investment Account Saint Lucia;Danyka59@gmail.com;Chilean Peso Unidades de fomento;(968) 261-8482 x14885;32434
7;Fresh granular Direct;Profit-focused;Jewelery cutting-edge;Adalberto_Cummerata@gmail.com;Bedfordshire Bahamian Dollar;(329) 132-5574;36362
8;Engineer;Exclusive Moroccan Dirham card;zero tolerance;Dock_Mohr41@gmail.com;Home;1-962-615-4495;24205
9;Bulgarian Lev navigate;Re-contextualized;web-enabled invoice withdrawal;Raymundo_Borer15@yahoo.com;Bedfordshire;(085) 362-0758 x2360;17436
10;Yen synthesize Creative;Forint;Concrete Global SMS;Danyka81@gmail.com;Macao Equatorial Guinea Vision-oriented;(985) 986-1323;70035
